model,split,mse,r2
Ridge,train,0.0547221946223775,0.0377919522291902
Ridge,test,0.0526607182252248,0.0341421195561754
RandomForest_depth4,train,0.0558297291292148,0.0183176123746444
RandomForest_depth4,test,0.0535526173782419,0.0177836676676466
RandomForest_depth8,train,0.0545769954651391,0.0403450625090024
RandomForest_depth8,test,0.0529836778798748,0.028218669629515
RandomForest_depth10,train,0.0535969261682353,0.0575781170559106
RandomForest_depth10,test,0.0527935499831989,0.0317058329931293
NeuralNetwork,train,0.0512154554778925,0.0994527216764112
NeuralNetwork,test,0.0539374898539872,0.0107246656981966
LinearRegression,train,0.0547218877700806,0.037797347768451894
LinearRegression,test,0.05266224421283651,0.034114131195784214
