model,metric,reported,yours,difference
LogisticRegression,prec_default,0.63,0.308,-0.322
LogisticRegression,rec_default,0.88,0.67,-0.21
LogisticRegression,f1_default,0.73,0.422,-0.308
LogisticRegression,prec_paid,0.97,0.898,-0.072
LogisticRegression,rec_paid,0.88,0.658,-0.222
LogisticRegression,f1_paid,0.92,0.76,-0.16
LogisticRegression,w_prec,0.9,0.788,-0.112
LogisticRegression,w_rec,0.88,0.66,-0.22
LogisticRegression,w_f1,0.88,0.697,-0.183
NeuralNetwork,prec_default,0.72,0.493,-0.227
NeuralNetwork,rec_default,0.71,0.155,-0.555
NeuralNetwork,f1_default,0.72,0.236,-0.484
NeuralNetwork,prec_paid,0.93,0.834,-0.096
NeuralNetwork,rec_paid,0.93,0.964,0.034
NeuralNetwork,f1_paid,0.93,0.894,-0.036
NeuralNetwork,w_prec,0.89,0.771,-0.119
NeuralNetwork,w_rec,0.89,0.814,-0.076
NeuralNetwork,w_f1,0.89,0.772,-0.118
RandomForest,prec_default,0.76,0.592,-0.168
RandomForest,rec_default,0.65,0.061,-0.589
RandomForest,f1_default,0.7,0.111,-0.589
RandomForest,prec_paid,0.92,0.823,-0.097
RandomForest,rec_paid,0.95,0.99,0.04
RandomForest,f1_paid,0.94,0.899,-0.041
RandomForest,w_prec,0.89,0.78,-0.11
RandomForest,w_rec,0.89,0.818,-0.072
RandomForest,w_f1,0.89,0.753,-0.137
